eTIV,hippoL,hippoR
1395091.410858,3160.560377,3343.785652
